x,conditional_mc_density
0.0,0.7558474240469806
0.012,0.7536799893334998
0.024,0.7490529220655279
0.036000000000000004,0.7472675689945858
0.048,0.7429946640161734
0.06,0.7390133832759089
0.07200000000000001,0.734351469485113
0.084,0.7295862709384572
0.096,0.7255026494445019
0.108,0.7210665222894411
0.12,0.7164900992225471
0.132,0.7121857656346293
0.14400000000000002,0.7080860708972438
0.156,0.7033044068341924
0.168,0.6993639816667097
0.18,0.6951729575610116
0.192,0.6912619868944452
0.20400000000000001,0.6870265327351992
0.216,0.6829417709756113
0.228,0.6786604226069548
0.24,0.6746989607559322
0.252,0.6703635120080291
0.264,0.6666221308755457
0.276,0.6624855351381553
0.28800000000000003,0.6584671398597977
0.3,0.6547769023990164
0.312,0.6505082119577635
0.324,0.6461850252451679
0.336,0.6415029253444036
0.34800000000000003,0.6374769585110677
0.36,0.6336168408995283
0.372,0.6298499524916535
0.384,0.6253972042090726
0.396,0.6212255639763563
0.40800000000000003,0.6172045932870375
0.42,0.6130762003915208
0.432,0.6084980440977671
0.444,0.6042608308954106
0.456,0.6002367485180169
0.468,0.5958268169268052
0.48,0.591805762056471
0.492,0.5878533616159541
0.504,0.5838249721954253
0.516,0.5794789190457215
0.528,0.5757008661074562
0.54,0.5713952278047334
0.552,0.5673256919958011
0.5640000000000001,0.5631755685361075
0.5760000000000001,0.5591499060577144
0.588,0.5551110869711191
0.6,0.5510425847891222
0.612,0.5466223463336731
0.624,0.5427470552520395
0.636,0.5386366589894565
0.648,0.534630551339732
0.66,0.5305881941211344
0.672,0.5267429111504359
0.684,0.5226038100551635
0.6960000000000001,0.5184485360705077
0.708,0.514531513736806
0.72,0.5108276220144745
0.732,0.5069480551277288
0.744,0.5032817626020295
0.756,0.49944290944222236
0.768,0.4955425124798121
0.78,0.49125012325464446
0.792,0.48754641060748777
0.804,0.48364788328567504
0.8160000000000001,0.47968335725144023
0.8280000000000001,0.47599285524865637
0.84,0.47244156240728374
0.852,0.46858670067982966
0.864,0.46474065665302494
0.876,0.4609540650930263
0.888,0.4572692649284191
0.9,0.4536340692222323
0.912,0.44980810051232695
0.924,0.4462188562004451
0.936,0.4426999864036472
0.9480000000000001,0.4388604672835572
0.96,0.4350751419780162
0.972,0.4315784648016986
0.984,0.4280797971018553
0.996,0.42444978103531095
1.008,0.4208801413130796
1.02,0.41713839287557114
1.032,0.4137109641473856
1.044,0.4100713302308337
1.056,0.40657425752592347
1.068,0.4030472892877193
1.08,0.3995196847501834
1.092,0.39601007947977146
1.104,0.39238318950573287
1.116,0.38893478725383546
1.1280000000000001,0.3854049432965897
1.1400000000000001,0.3819657384366636
1.1520000000000001,0.3783637596470371
1.164,0.37486137082001886
1.176,0.3714662849610519
1.188,0.3678887355129727
1.2,0.3645343499504656
1.212,0.3611388785149318
1.224,0.3577496680127905
1.236,0.3545783565796144
1.248,0.35141126857030935
1.26,0.3480398236784338
1.272,0.34487528930103206
1.284,0.34147205024700095
1.296,0.3379406564445193
1.308,0.3347370479543912
1.32,0.3313082862861441
1.332,0.3281240992338648
1.344,0.32485603063616714
1.356,0.3214159293284361
1.368,0.31830383849760446
1.3800000000000001,0.31534789253980744
1.3920000000000001,0.3122136077437664
1.4040000000000001,0.3090940446221895
1.416,0.305918058817508
1.428,0.3025540818871576
1.44,0.29944341642905337
1.452,0.2961316194695064
1.464,0.29305703001580624
1.476,0.2901848041891712
1.488,0.2872830662633194
1.5,0.28415211056578177
1.512,0.2811532290436598
1.524,0.2782728669040936
1.536,0.27534586594377813
1.548,0.2724527413326601
1.56,0.26929619821513995
1.572,0.26645774907121883
1.584,0.26345458514389253
1.596,0.2607151342337373
1.608,0.2579514433745486
1.62,0.2552628080608329
1.6320000000000001,0.2524578701031519
1.6440000000000001,0.24954755018730013
1.6560000000000001,0.24676281737912995
1.668,0.24399514397170258
1.68,0.24128361753003713
1.692,0.2385423323709056
1.704,0.2359409279228763
1.716,0.2332446748827307
1.728,0.23041555757752402
1.74,0.22767909942480438
1.752,0.22505731941531668
1.764,0.22251033470864803
1.776,0.21972010430872105
1.788,0.21698288436459753
1.8,0.2144561311069577
1.812,0.21194290717484068
1.824,0.20924158728924017
1.836,0.20675197775410392
1.848,0.204378441051218
1.86,0.20191516209884725
1.872,0.19947667660149743
1.8840000000000001,0.19700936514268935
1.8960000000000001,0.19452830576109187
1.9080000000000001,0.19217418790243096
1.92,0.18989282751257217
1.932,0.18763729271631469
1.944,0.18527234454711394
1.956,0.18298718881310883
1.968,0.18077007624371863
1.98,0.1785578277516787
1.992,0.17640652710402815
2.004,0.17414871147801436
2.016,0.17193208551296654
2.028,0.16964317102141105
2.04,0.1673788553263975
2.052,0.16515799578033658
2.064,0.16311447321575084
2.076,0.1608922939737492
2.088,0.15873092181852516
2.1,0.1565819130278756
2.112,0.1544848188842543
2.124,0.15236548473986405
2.136,0.1503517707611788
2.148,0.14845597528143825
2.16,0.1464906075488443
2.172,0.14445916558658184
2.184,0.1424260599355579
2.196,0.14044463990629555
2.208,0.1385295621936608
2.22,0.13657239591538944
2.232,0.13468307085569006
2.244,0.132749418874748
2.2560000000000002,0.13088257445617774
2.2680000000000002,0.129013516538291
2.2800000000000002,0.127080913992857
2.2920000000000003,0.12513412433350465
2.3040000000000003,0.12319514209188451
2.316,0.12141061753419652
2.328,0.1195469307727435
2.34,0.11768077091683007
2.352,0.11593801276958847
2.364,0.11421804327671167
2.376,0.11253967561134373
2.388,0.11086746390149606
2.4,0.10915010206313511
2.412,0.10748314574965094
2.424,0.1057781706295929
2.436,0.10408177662413944
2.448,0.10243016889500309
2.46,0.1008070142156778
2.472,0.09917133542217334
2.484,0.09758857060977773
2.496,0.09611370467632674
2.508,0.09466367956667228
2.52,0.0931234575947969
2.532,0.0917093740008375
2.544,0.09022309405806296
2.556,0.08877211387294823
2.568,0.08727591100348318
2.58,0.08586648020540066
2.592,0.08442285656615343
2.604,0.08298386451417049
2.616,0.08165571285471207
2.628,0.08027632721168175
2.64,0.07887385963998242
2.652,0.07756376435298101
2.664,0.07615506558834792
2.676,0.07485247189847881
2.688,0.0735329821382456
2.7,0.07237405112819226
2.712,0.0711360315561483
2.724,0.06984433775512383
2.736,0.06862943291978463
2.748,0.06737729519342756
2.7600000000000002,0.06618711241253407
2.7720000000000002,0.06505434666963528
2.7840000000000003,0.06381845943236374
2.7960000000000003,0.06276107699430483
2.8080000000000003,0.06168047121362925
2.82,0.06062621511714109
2.832,0.0595176528456519
2.844,0.058427260877325575
2.856,0.05741553376418121
2.868,0.05632855779548798
2.88,0.05525772168284018
2.892,0.05424325831800861
2.904,0.053227179232504127
2.916,0.052289899796077885
2.928,0.051362103309975655
2.94,0.05041345791335962
2.952,0.04951014386777619
2.964,0.04856928868799647
2.976,0.04772376641740086
2.988,0.046792323372069254
3.0,0.045962965154168096
3.012,0.045122029763134994
3.024,0.044186941962628824
3.036,0.0433710137730284
3.048,0.04253274814644182
3.06,0.04167778144864897
3.072,0.040862407345253385
3.084,0.04005740460006484
3.096,0.03923034198269134
3.108,0.038435189589928226
3.12,0.0376805171221844
3.132,0.036957174651155326
3.144,0.03619412977831178
3.156,0.03548514272833346
3.168,0.034710330810291366
3.18,0.033934881951039296
3.192,0.033212967832688914
3.204,0.03255803478338982
3.216,0.031819033526853585
3.228,0.031186216419641272
3.24,0.030473310064618783
3.2520000000000002,0.029821259755387443
3.2640000000000002,0.029205741854897112
3.2760000000000002,0.028573758042919367
3.2880000000000003,0.02795585773866584
3.3000000000000003,0.027320064999009002
3.3120000000000003,0.026705021998112498
3.3240000000000003,0.026149104089686792
3.336,0.02562024725834051
3.348,0.025081647065617472
3.36,0.024438943610878443
3.372,0.02386124764326383
3.384,0.023288899459824527
3.396,0.022698931721008658
3.408,0.022138825953622696
3.42,0.021666949187769048
3.432,0.021141586574580176
3.444,0.02071017491834464
3.456,0.02019806050044263
3.468,0.019689391295193516
3.48,0.01921599450234896
3.492,0.018804798881310984
3.504,0.018342632322559185
3.516,0.0179469483482874
3.528,0.01754471870501159
3.54,0.01716897379402004
3.552,0.016755374932521282
3.564,0.016358760740280753
3.576,0.015929213232199164
3.588,0.01554612246009682
3.6,0.015179778680769671
3.612,0.014789956927634894
3.624,0.014404563213322685
3.636,0.01400819784442634
3.648,0.013683297387325358
3.66,0.013345773753176245
3.672,0.013000246787583943
3.684,0.012678461038155564
3.696,0.012333672228059056
3.708,0.012050051272313919
3.72,0.011740414248080788
3.732,0.011437765543808983
3.744,0.01115838313531572
3.7560000000000002,0.010850213038937349
3.7680000000000002,0.010593290778808578
3.7800000000000002,0.010328336125671396
3.7920000000000003,0.010065663468881244
3.8040000000000003,0.009777512664830443
3.8160000000000003,0.009516490943380822
3.8280000000000003,0.009288314536868524
3.84,0.009028954110327293
3.852,0.008755952472269757
3.864,0.008515472580838039
3.876,0.008305891622467946
3.888,0.008056902174425975
3.9,0.007832892890593005
3.912,0.007618098741749183
3.924,0.007411050436075504
3.936,0.007199007619785593
3.948,0.006989003945196185
3.96,0.006785290013686427
3.972,0.006587801695961894
3.984,0.006403461506458106
3.996,0.006229436515311309
4.008,0.006044808530442704
4.0200000000000005,0.005846882796397276
4.032,0.005686828327612271
4.0440000000000005,0.005532718837593511
4.056,0.005377708935683235
4.0680000000000005,0.005198547341886542
4.08,0.005032193099565447
4.0920000000000005,0.004840501776362319
4.104,0.004685965447010103
4.116,0.004545383985414386
4.128,0.004394428492040934
4.14,0.0042452482096848616
4.152,0.004115275635633833
4.164,0.003977671883795678
4.176,0.003853777258755628
4.188,0.003743543949445644
4.2,0.0036071241779947866
4.212,0.0034803184649924495
4.224,0.0033762697079008147
4.236,0.0032869602630940993
4.248,0.003200524875442013
4.26,0.0030895195341933343
4.272,0.002991860546769611
4.284,0.0028996632971363006
4.296,0.0028129087267672473
4.308,0.0027095901610842583
4.32,0.002606561664029503
4.332,0.002519230000154956
4.344,0.0024449582929409433
4.356,0.002340244061491531
4.368,0.002257456386993599
4.38,0.002185063522214602
4.392,0.0021268027652324288
4.404,0.002043435159492894
4.416,0.001965327528050866
4.428,0.0019075216114614452
4.44,0.0018448727442092747
4.452,0.0017836441397720655
4.464,0.0017213348103351654
4.476,0.0016678940419783122
4.488,0.0016071591466090035
4.5,0.001546573511187253
4.5120000000000005,0.0014849252981802414
4.524,0.0014320512528490973
4.5360000000000005,0.0013977166893576222
4.548,0.0013390085423222384
4.5600000000000005,0.0012926464080903733
4.572,0.0012585841098306748
4.5840000000000005,0.0012124615492427292
4.596,0.001177370586045127
4.6080000000000005,0.001142361769246969
4.62,0.001096601590419399
4.632,0.0010497731571835357
4.644,0.0010138380171925087
4.656,0.000974406880582172
4.668,0.0009374737216873917
4.68,0.0009041947229569958
4.692,0.0008721886594046632
4.704,0.0008308086447915344
4.716,0.0008001299951858048
4.728,0.0007695418819816136
4.74,0.0007319908147202813
4.752,0.0007003800099114895
4.764,0.0006676825422378015
4.776,0.0006420593845511509
4.788,0.0006153266070870211
4.8,0.0005944636780746393
